ProductID,SKU,ProductName,CategoryID,UnitPrice,UnitCost,StockQuantity,Active
PROD00001,SKU-730275,Classic Sneakers,CAT0656,260.10,148.38,396,true
PROD00002,SKU-156704,Vintage Blender,CAT0809,518.98,281.30,108,true
PROD00003,SKU-187651,Rustic Monitor,CAT0434,327.47,193.44,72,false
PROD00004,SKU-540110,Smart Backpack,CAT0306,1049.16,561.75,268,true
PROD00005,SKU-549350,Vintage Watch,CAT0189,997.51,426.67,175,true
PROD00006,SKU-598597,Wireless Jacket,CAT0204,422.39,222.06,274,true
PROD00007,SKU-508040,Eco Printer,CAT0448,428.86,260.69,421,false
PROD00008,SKU-746460,Rustic Smartphone,CAT0204,97.98,58.83,74,true
PROD00009,SKU-114875,Ultra Router,CAT0761,991.16,614.46,77,true
PROD00010,SKU-806682,Vintage Sneakers,CAT0512,1037.84,450.51,208,true
PROD00011,SKU-765104,Modern Headphones,CAT0462,1132.27,744.11,230,true
PROD00012,SKU-540586,Essential Mixer,CAT0038,266.25,184.70,356,true
PROD00013,SKU-300444,Eco Smartphone,CAT0387,263.28,121.88,497,true
PROD00014,SKU-421876,Premium Blender,CAT0834,439.73,215.72,257,true
PROD00015,SKU-530321,Advanced Printer,CAT0512,780.45,418.94,180,true
PROD00016,SKU-284354,Deluxe Treadmill,CAT0536,1169.01,585.38,234,true
PROD00017,SKU-398873,Eco Guitar,CAT0610,199.38,105.82,432,true
PROD00018,SKU-998626,Limited Treadmill,CAT0650,343.48,201.32,50,true
PROD00019,SKU-531257,Rustic Mixer,CAT0092,781.30,456.97,53,true
PROD00020,SKU-627812,Rustic Smartphone,CAT0950,655.96,387.05,297,true
PROD00021,SKU-576713,Limited Camera,CAT0873,507.67,237.01,282,true
PROD00022,SKU-586483,Compact Vacuum,CAT0974,153.71,106.10,211,true
PROD00023,SKU-492842,Limited Printer,CAT0804,890.68,358.30,400,true
PROD00024,SKU-933762,Wireless Watch,CAT0901,792.12,389.90,465,true
PROD00025,SKU-127521,Compact Headphones,CAT0922,1091.33,447.23,78,true
PROD00026,SKU-278688,Ultra Coffee Maker,CAT0840,890.79,441.16,491,true
PROD00027,SKU-775738,Smart Chair,CAT0570,1168.32,534.85,201,true
PROD00028,SKU-863481,Rustic Drill,CAT0440,159.00,93.95,88,true
PROD00029,SKU-940089,Portable Coffee Maker,CAT0163,527.69,226.84,64,true
PROD00030,SKU-372871,Limited Drill,CAT0804,473.45,297.64,428,true
PROD00031,SKU-759443,Portable Desk,CAT0096,116.45,61.86,394,true
PROD00032,SKU-699569,Premium Smartphone,CAT0725,654.69,452.86,195,false
PROD00033,SKU-295617,Modern Sneakers,CAT0465,763.18,483.30,122,true
PROD00034,SKU-917919,Compact Camera,CAT0199,644.82,305.37,413,true
PROD00035,SKU-250753,Rustic Watch,CAT0676,66.84,28.40,321,false
PROD00036,SKU-212278,Essential Mixer,CAT0114,553.66,320.44,72,true
PROD00037,SKU-979037,Vintage Jacket,CAT0096,97.47,63.69,106,true
PROD00038,SKU-180019,Classic Headphones,CAT0424,92.92,63.91,107,true
PROD00039,SKU-288540,Smart Speaker,CAT0649,1090.42,700.67,152,false
PROD00040,SKU-222900,Eco Monitor,CAT0581,759.30,498.44,499,true
PROD00041,SKU-647093,Portable Vacuum,CAT0629,721.99,289.88,379,true
PROD00042,SKU-636603,Advanced Desk,CAT0621,40.32,16.41,389,true
PROD00043,SKU-245295,Ultra Blender,CAT0118,1078.79,441.06,112,false
PROD00044,SKU-196437,Modern Sneakers,CAT0275,332.03,152.66,178,true
PROD00045,SKU-637559,Limited Camera,CAT0479,895.51,491.40,484,true
PROD00046,SKU-852244,Compact Watch,CAT0178,241.46,157.87,143,true
PROD00047,SKU-932673,Advanced Drill,CAT0813,920.91,454.45,105,true
PROD00048,SKU-384870,Classic Treadmill,CAT0905,538.16,311.54,417,true
PROD00049,SKU-492125,Advanced Smartphone,CAT0393,518.03,295.35,459,true
PROD00050,SKU-365356,Advanced Yoga Mat,CAT0172,1067.89,734.10,300,true
PROD00051,SKU-131394,Essential Tablet,CAT0974,1158.35,585.75,58,true
PROD00052,SKU-325636,Portable Treadmill,CAT0810,227.17,107.59,336,true
PROD00053,SKU-851622,Eco Speaker,CAT0126,16.51,10.01,168,true
PROD00054,SKU-397391,Essential Speaker,CAT0921,283.02,118.83,308,true
PROD00055,SKU-946648,Compact Mixer,CAT0575,337.27,196.42,440,true
PROD00056,SKU-952905,Essential Tablet,CAT0432,820.15,435.14,163,true
PROD00057,SKU-225052,Premium Vacuum,CAT0511,60.92,29.38,63,true
PROD00058,SKU-398882,Essential Speaker,CAT0606,462.51,264.98,9,true
PROD00059,SKU-982526,Ultra Drill,CAT0005,1094.41,531.13,495,true
PROD00060,SKU-117062,Vintage Guitar,CAT0941,635.38,318.46,35,true
PROD00061,SKU-462623,Ultra Treadmill,CAT0741,364.69,180.58,204,false
PROD00062,SKU-830288,Rustic Speaker,CAT0506,736.72,381.62,232,true
PROD00063,SKU-130710,Limited Mixer,CAT0864,451.82,264.49,114,false
PROD00064,SKU-859434,Premium Sneakers,CAT0108,1192.28,785.02,223,true
PROD00065,SKU-663670,Advanced Desk,CAT0742,1083.22,553.16,2,true
PROD00066,SKU-150335,Ultra Laptop,CAT0266,1060.57,437.93,484,true
PROD00067,SKU-383023,Wireless Speaker,CAT0705,737.24,474.60,357,true
PROD00068,SKU-255190,Eco Drill,CAT0472,148.28,73.52,385,true
PROD00069,SKU-653217,Ultra Treadmill,CAT0653,538.90,235.34,123,true
PROD00070,SKU-606154,Limited Vacuum,CAT1000,340.25,214.97,115,false
PROD00071,SKU-354149,Rustic Camera,CAT0729,103.94,58.99,337,true
PROD00072,SKU-163194,Ultra Desk,CAT0712,98.23,67.93,108,false
PROD00073,SKU-456987,Compact Yoga Mat,CAT0839,465.15,254.11,106,true
PROD00074,SKU-426972,Rustic Coffee Maker,CAT0527,1030.86,647.53,362,true
PROD00075,SKU-481308,Eco Coffee Maker,CAT0109,1097.38,510.98,197,true
PROD00076,SKU-171973,Ultra Smartphone,CAT0526,247.61,128.77,142,true
PROD00077,SKU-254444,Limited Camera,CAT0975,1044.45,620.94,236,true
PROD00078,SKU-379714,Modern Mixer,CAT0247,24.82,13.36,14,true
PROD00079,SKU-188150,Deluxe Yoga Mat,CAT0361,322.37,218.59,181,true
PROD00080,SKU-562779,Eco Cookware Set,CAT0515,519.86,259.99,139,true
PROD00081,SKU-408287,Premium Tablet,CAT0392,879.74,463.43,96,true
PROD00082,SKU-214488,Essential Watch,CAT0543,730.90,406.08,348,false
PROD00083,SKU-703172,Compact Mixer,CAT0225,142.65,95.36,136,true
PROD00084,SKU-850595,Deluxe Mixer,CAT0283,275.63,161.54,207,true
PROD00085,SKU-619225,Advanced Chair,CAT0752,989.76,601.28,105,true
PROD00086,SKU-869531,Compact Blender,CAT0653,349.15,202.12,1,false
PROD00087,SKU-821353,Deluxe Printer,CAT0638,574.73,282.54,122,true
PROD00088,SKU-248723,Limited Backpack,CAT0171,228.88,153.34,492,false
PROD00089,SKU-180716,Classic Treadmill,CAT0343,29.89,20.69,87,true
PROD00090,SKU-101055,Ultra Headphones,CAT0609,425.81,230.85,250,true
PROD00091,SKU-404777,Classic Mixer,CAT0047,983.62,560.84,427,true
PROD00092,SKU-419398,Deluxe Jacket,CAT0774,180.17,77.14,411,true
PROD00093,SKU-795634,Classic Vacuum,CAT0753,424.18,239.12,249,true
PROD00094,SKU-642985,Classic Headphones,CAT0848,426.39,261.40,396,true
PROD00095,SKU-863589,Ultra Smartphone,CAT0496,139.75,84.65,327,false
PROD00096,SKU-132405,Smart Chair,CAT0676,1192.93,605.00,125,true
PROD00097,SKU-496129,Modern Treadmill,CAT0369,251.54,107.35,327,true
PROD00098,SKU-652501,Wireless Tablet,CAT0696,656.18,442.08,89,true
PROD00099,SKU-389666,Limited Blender,CAT0910,400.78,231.15,158,true
PROD00100,SKU-554515,Essential Coffee Maker,CAT0719,415.21,242.36,407,true
PROD00101,SKU-818826,Rustic Blender,CAT0296,136.68,55.01,75,true
PROD00102,SKU-270505,Eco Coffee Maker,CAT0990,351.29,199.34,155,true
PROD00103,SKU-965568,Advanced Camera,CAT0016,547.36,254.63,303,true
PROD00104,SKU-100672,Classic Camera,CAT0006,519.24,310.54,25,true
PROD00105,SKU-906234,Portable Camera,CAT0805,1031.52,618.50,287,true
PROD00106,SKU-553038,Advanced Printer,CAT0278,175.46,108.77,299,true
PROD00107,SKU-951138,Wireless Chair,CAT0033,570.45,288.87,347,true
PROD00108,SKU-416693,Smart Cookware Set,CAT0991,1085.47,725.00,305,true
PROD00109,SKU-245936,Essential Treadmill,CAT0696,1051.74,674.50,349,true
PROD00110,SKU-189755,Wireless Sneakers,CAT0427,667.37,327.22,152,true
PROD00111,SKU-974357,Limited Yoga Mat,CAT0559,224.13,142.26,223,false
PROD00112,SKU-847213,Deluxe Yoga Mat,CAT0711,379.35,258.13,183,true
PROD00113,SKU-686058,Smart Yoga Mat,CAT0431,1153.93,621.26,13,true
PROD00114,SKU-924843,Smart Backpack,CAT0774,173.00,116.27,124,true
PROD00115,SKU-407592,Portable Sneakers,CAT0636,654.21,372.69,27,true
PROD00116,SKU-900058,Smart Sneakers,CAT0413,805.74,434.17,447,true
PROD00117,SKU-781448,Ultra Laptop,CAT0087,70.36,45.66,54,true
PROD00118,SKU-163821,Advanced Camera,CAT0580,580.35,289.82,62,true
PROD00119,SKU-641342,Limited Coffee Maker,CAT0758,861.76,526.08,73,true
PROD00120,SKU-262293,Classic Sneakers,CAT0229,1074.59,636.05,154,true
PROD00121,SKU-220280,Modern Headphones,CAT0825,584.52,354.41,34,false
PROD00122,SKU-596754,Essential Mixer,CAT0533,120.75,55.70,12,true
PROD00123,SKU-607216,Classic Cookware Set,CAT0057,1111.62,544.67,94,true
PROD00124,SKU-790130,Ultra Guitar,CAT0267,986.92,596.49,315,true
PROD00125,SKU-789402,Eco Tablet,CAT0023,225.85,145.80,123,true
PROD00126,SKU-403509,Modern Printer,CAT0560,244.42,133.00,341,true
PROD00127,SKU-831541,Essential Vacuum,CAT0377,802.90,415.39,409,true
PROD00128,SKU-691616,Smart Treadmill,CAT0152,38.42,20.64,199,false
PROD00129,SKU-566070,Wireless Laptop,CAT0661,782.25,467.13,21,true
PROD00130,SKU-109563,Portable Sneakers,CAT0480,1059.50,569.49,81,true
PROD00131,SKU-509599,Ultra Coffee Maker,CAT0216,421.86,258.12,262,false
PROD00132,SKU-581801,Limited Sneakers,CAT0361,788.84,448.81,366,true
PROD00133,SKU-513064,Eco Watch,CAT0804,916.32,449.80,34,true
PROD00134,SKU-289136,Limited Vacuum,CAT0386,1155.25,672.07,294,true
PROD00135,SKU-717456,Deluxe Monitor,CAT0539,314.78,191.81,489,true
PROD00136,SKU-993419,Essential Smartphone,CAT0850,487.51,201.58,375,true
PROD00137,SKU-439381,Advanced Monitor,CAT0109,601.82,363.38,389,true
PROD00138,SKU-282450,Rustic Router,CAT0815,287.76,192.78,372,true
PROD00139,SKU-220034,Rustic Treadmill,CAT0945,81.92,47.81,19,true
PROD00140,SKU-130890,Advanced Yoga Mat,CAT0782,452.31,266.59,472,true
PROD00141,SKU-701651,Advanced Printer,CAT0461,456.27,317.87,284,true
PROD00142,SKU-878204,Wireless Vacuum,CAT0449,816.22,381.70,82,true
PROD00143,SKU-801138,Deluxe Desk,CAT0089,700.62,412.48,49,true
PROD00144,SKU-695900,Rustic Sneakers,CAT0915,11.26,7.12,279,true
PROD00145,SKU-773429,Portable Jacket,CAT0699,877.32,590.70,270,true
PROD00146,SKU-473801,Ultra Desk,CAT0585,993.95,546.93,316,true
PROD00147,SKU-494388,Ultra Sneakers,CAT0821,85.25,45.03,447,false
PROD00148,SKU-622937,Advanced Sneakers,CAT0802,623.11,268.11,118,false
PROD00149,SKU-968376,Deluxe Speaker,CAT0024,272.71,186.04,128,true
PROD00150,SKU-178409,Portable Backpack,CAT0894,1046.41,722.48,273,true
PROD00151,SKU-748696,Ultra Coffee Maker,CAT0955,735.44,363.07,29,true
PROD00152,SKU-375831,Vintage Mixer,CAT0597,567.82,383.40,334,false
PROD00153,SKU-162276,Portable Treadmill,CAT0268,244.61,163.01,71,true
PROD00154,SKU-165356,Ultra Router,CAT0338,1109.39,664.53,120,true
PROD00155,SKU-946712,Rustic Drill,CAT0927,733.95,477.44,18,true
PROD00156,SKU-678211,Advanced Treadmill,CAT0613,888.45,603.09,245,true
PROD00157,SKU-336186,Wireless Router,CAT0043,129.35,71.01,332,true
PROD00158,SKU-122484,Classic Camera,CAT0801,1020.55,705.65,476,false
PROD00159,SKU-816801,Rustic Desk,CAT0548,731.73,375.97,377,false
PROD00160,SKU-550592,Classic Laptop,CAT0397,919.99,559.94,359,true
PROD00161,SKU-485570,Eco Mixer,CAT0449,146.00,85.37,180,true
PROD00162,SKU-338158,Smart Laptop,CAT0244,282.28,162.76,211,true
PROD00163,SKU-854793,Vintage Guitar,CAT0582,59.71,38.25,127,true
PROD00164,SKU-429384,Advanced Laptop,CAT0130,529.07,256.48,179,true
PROD00165,SKU-789525,Vintage Chair,CAT0300,160.01,83.10,62,true
PROD00166,SKU-870932,Advanced Watch,CAT0961,654.66,359.07,416,true
PROD00167,SKU-918107,Vintage Chair,CAT0455,857.19,584.97,282,true
PROD00168,SKU-667719,Limited Chair,CAT0540,1072.11,531.40,257,true
PROD00169,SKU-182256,Portable Treadmill,CAT0723,1140.92,622.79,104,true
PROD00170,SKU-228710,Ultra Coffee Maker,CAT0237,369.40,209.04,190,true
PROD00171,SKU-781478,Rustic Sneakers,CAT0037,1173.60,715.31,391,true
PROD00172,SKU-716814,Advanced Headphones,CAT0511,1004.41,483.21,196,true
PROD00173,SKU-119764,Advanced Laptop,CAT0286,1026.22,528.69,441,true
PROD00174,SKU-552025,Classic Laptop,CAT0230,250.85,114.22,272,false
PROD00175,SKU-738309,Wireless Laptop,CAT0555,916.78,624.48,386,true
PROD00176,SKU-128673,Vintage Watch,CAT0830,905.22,420.89,174,true
PROD00177,SKU-871137,Essential Treadmill,CAT0887,515.92,319.23,385,false
PROD00178,SKU-401380,Advanced Guitar,CAT0398,1143.21,777.09,439,true
PROD00179,SKU-644119,Deluxe Yoga Mat,CAT0435,689.26,393.22,133,true
PROD00180,SKU-115920,Smart Yoga Mat,CAT0764,1191.17,561.60,143,true
PROD00181,SKU-698823,Wireless Backpack,CAT0256,926.75,452.95,202,false
PROD00182,SKU-949618,Wireless Blender,CAT0276,792.78,503.20,395,true
PROD00183,SKU-988765,Advanced Camera,CAT0583,794.63,517.15,91,true
PROD00184,SKU-603534,Premium Yoga Mat,CAT0010,562.40,387.92,326,true
PROD00185,SKU-739975,Compact Treadmill,CAT0060,697.59,295.68,282,true
PROD00186,SKU-372148,Advanced Yoga Mat,CAT0185,313.32,199.28,444,true
PROD00187,SKU-151988,Compact Tablet,CAT0179,180.55,105.69,119,true
PROD00188,SKU-432749,Premium Jacket,CAT0701,610.53,324.86,21,true
PROD00189,SKU-369950,Compact Laptop,CAT0975,858.89,410.31,8,true
PROD00190,SKU-466718,Ultra Blender,CAT0554,863.39,500.92,55,false
PROD00191,SKU-698071,Classic Mixer,CAT0524,97.55,44.99,190,true
PROD00192,SKU-250029,Limited Treadmill,CAT0074,772.05,511.68,12,true
PROD00193,SKU-492917,Rustic Blender,CAT0344,1170.24,783.15,240,true
PROD00194,SKU-257352,Wireless Smartphone,CAT0032,196.57,81.26,466,true
PROD00195,SKU-918805,Advanced Smartphone,CAT0217,970.60,536.97,379,true
PROD00196,SKU-710990,Essential Printer,CAT0353,1128.23,579.52,16,true
PROD00197,SKU-181066,Eco Cookware Set,CAT0781,1197.40,507.14,490,true
PROD00198,SKU-869603,Compact Drill,CAT0516,1197.39,705.38,214,true
PROD00199,SKU-649923,Advanced Coffee Maker,CAT0818,66.46,36.00,266,true
PROD00200,SKU-444650,Wireless Desk,CAT0857,692.42,466.22,124,true
PROD00201,SKU-826739,Portable Chair,CAT0467,381.21,263.69,123,true
PROD00202,SKU-180157,Vintage Treadmill,CAT0371,100.23,56.94,468,true
PROD00203,SKU-696998,Classic Smartphone,CAT0236,541.52,284.65,423,true
PROD00204,SKU-713160,Eco Guitar,CAT0251,932.86,487.22,340,true
PROD00205,SKU-541474,Wireless Camera,CAT0350,380.04,161.31,258,true
PROD00206,SKU-288655,Essential Vacuum,CAT0648,1058.32,486.23,448,true
PROD00207,SKU-592684,Eco Mixer,CAT0429,319.73,181.09,380,true
PROD00208,SKU-176561,Ultra Laptop,CAT0854,520.55,315.98,67,true
PROD00209,SKU-830782,Deluxe Cookware Set,CAT0926,509.72,223.38,285,true
PROD00210,SKU-720209,Wireless Mixer,CAT0345,1077.42,721.34,311,true
PROD00211,SKU-570700,Modern Laptop,CAT0076,887.80,449.66,466,true
PROD00212,SKU-834122,Classic Router,CAT0855,525.65,329.74,68,true
PROD00213,SKU-259652,Modern Drill,CAT0939,985.03,544.54,458,false
PROD00214,SKU-559891,Essential Blender,CAT0691,781.04,401.31,90,true
PROD00215,SKU-617255,Essential Watch,CAT0968,928.74,436.21,174,false
PROD00216,SKU-399113,Deluxe Coffee Maker,CAT0594,612.33,415.41,165,true
PROD00217,SKU-870310,Rustic Jacket,CAT0977,176.12,113.46,451,true
PROD00218,SKU-429638,Compact Treadmill,CAT0532,337.52,224.07,50,true
PROD00219,SKU-277545,Eco Mixer,CAT0295,332.25,176.65,147,true
PROD00220,SKU-392163,Wireless Smartphone,CAT0772,131.81,61.89,72,false
PROD00221,SKU-141675,Deluxe Coffee Maker,CAT0773,206.78,119.83,491,true
PROD00222,SKU-487491,Deluxe Desk,CAT0007,588.60,380.66,104,true
PROD00223,SKU-575895,Essential Treadmill,CAT0750,536.57,234.94,151,true
PROD00224,SKU-553263,Modern Printer,CAT0942,1014.47,541.04,252,true
PROD00225,SKU-470903,Ultra Sneakers,CAT0286,879.30,382.44,411,false
PROD00226,SKU-451626,Rustic Chair,CAT0745,93.85,41.95,141,true
PROD00227,SKU-430102,Modern Coffee Maker,CAT0689,933.57,571.38,456,true
PROD00228,SKU-299647,Smart Mixer,CAT0955,847.60,471.60,430,true
PROD00229,SKU-357859,Ultra Tablet,CAT0037,1139.27,670.10,70,true
PROD00230,SKU-608042,Ultra Chair,CAT0690,238.84,129.22,416,true
PROD00231,SKU-641386,Classic Camera,CAT0135,242.29,160.58,438,true
PROD00232,SKU-318677,Compact Headphones,CAT0445,85.38,48.44,363,true
PROD00233,SKU-346117,Smart Printer,CAT0270,737.99,434.90,326,true
PROD00234,SKU-343157,Deluxe Monitor,CAT0978,220.18,107.89,448,true
PROD00235,SKU-669810,Classic Vacuum,CAT0816,757.88,439.08,246,true
PROD00236,SKU-401225,Compact Mixer,CAT0987,1057.67,662.62,214,true
PROD00237,SKU-434397,Portable Chair,CAT0679,512.71,232.18,338,true
PROD00238,SKU-980930,Modern Cookware Set,CAT0722,158.03,105.03,412,true
PROD00239,SKU-632139,Essential Treadmill,CAT0704,285.66,139.20,110,true
PROD00240,SKU-807777,Rustic Treadmill,CAT0063,676.90,336.39,162,true
PROD00241,SKU-381351,Rustic Yoga Mat,CAT0436,481.42,324.34,248,true
PROD00242,SKU-332060,Portable Tablet,CAT0839,59.53,31.81,293,true
PROD00243,SKU-743095,Deluxe Desk,CAT0799,752.22,514.79,312,true
PROD00244,SKU-497607,Essential Guitar,CAT0021,1140.58,463.46,46,true
PROD00245,SKU-151605,Portable Blender,CAT0786,920.39,385.68,265,true
PROD00246,SKU-852689,Deluxe Desk,CAT0161,1006.59,522.08,117,true
PROD00247,SKU-360784,Eco Blender,CAT0340,499.01,282.38,481,false
PROD00248,SKU-517267,Ultra Headphones,CAT0774,1128.72,486.20,405,true
PROD00249,SKU-821493,Eco Camera,CAT0309,33.97,20.02,126,false
PROD00250,SKU-237566,Modern Mixer,CAT0833,941.94,561.95,418,true
PROD00251,SKU-899419,Wireless Backpack,CAT0079,93.30,57.53,375,true
PROD00252,SKU-200198,Premium Router,CAT0851,652.33,440.77,376,true
PROD00253,SKU-439452,Smart Desk,CAT0852,728.80,359.78,217,true
PROD00254,SKU-787919,Premium Camera,CAT0281,553.39,237.90,295,true
PROD00255,SKU-392089,Wireless Treadmill,CAT0096,270.59,141.22,247,true
PROD00256,SKU-621178,Modern Guitar,CAT0519,297.31,120.46,372,true
PROD00257,SKU-126101,Portable Guitar,CAT0732,134.42,62.80,203,true
PROD00258,SKU-448583,Classic Blender,CAT0489,677.97,401.93,73,true
PROD00259,SKU-613604,Advanced Mixer,CAT0575,207.26,136.68,303,true
PROD00260,SKU-980436,Eco Cookware Set,CAT0632,1006.49,560.64,290,true
PROD00261,SKU-974851,Premium Vacuum,CAT0259,497.17,309.32,77,false
PROD00262,SKU-823934,Modern Drill,CAT0614,490.81,197.14,107,true
PROD00263,SKU-347190,Rustic Vacuum,CAT0559,602.28,414.27,164,true
PROD00264,SKU-185390,Classic Coffee Maker,CAT0569,1031.09,719.52,471,true
PROD00265,SKU-645195,Modern Backpack,CAT0385,157.10,63.48,383,true
PROD00266,SKU-544787,Compact Yoga Mat,CAT0891,1166.44,480.25,253,true
PROD00267,SKU-538459,Rustic Coffee Maker,CAT0499,172.14,114.00,204,false
PROD00268,SKU-384276,Advanced Treadmill,CAT0302,865.33,574.64,267,true
PROD00269,SKU-648668,Vintage Blender,CAT0578,782.01,346.00,350,true
PROD00270,SKU-585365,Essential Printer,CAT0381,625.66,297.42,107,true
PROD00271,SKU-272216,Vintage Router,CAT0738,1195.44,810.93,268,true
PROD00272,SKU-170304,Classic Headphones,CAT0326,502.48,223.66,500,false
PROD00273,SKU-447115,Modern Desk,CAT0205,834.38,468.35,48,false
PROD00274,SKU-337009,Classic Smartphone,CAT0161,84.79,50.10,176,true
PROD00275,SKU-546867,Vintage Desk,CAT0282,344.60,232.07,299,true
PROD00276,SKU-667297,Portable Smartphone,CAT0786,486.91,231.98,328,true
PROD00277,SKU-286987,Advanced Drill,CAT0157,128.06,59.54,134,true
PROD00278,SKU-703618,Eco Coffee Maker,CAT0602,775.57,399.33,395,true
PROD00279,SKU-800969,Essential Watch,CAT0990,969.72,641.37,465,true
PROD00280,SKU-942377,Eco Headphones,CAT0803,282.04,131.13,314,true
PROD00281,SKU-154724,Eco Vacuum,CAT0896,5.30,2.24,70,true
PROD00282,SKU-896925,Classic Treadmill,CAT0681,568.67,279.08,60,true
PROD00283,SKU-426905,Smart Cookware Set,CAT0793,465.71,252.57,429,true
PROD00284,SKU-274185,Deluxe Backpack,CAT0905,728.43,338.12,484,true
PROD00285,SKU-613900,Wireless Printer,CAT0147,1008.65,573.06,355,true
PROD00286,SKU-286659,Limited Mixer,CAT0572,1080.22,643.41,12,true
PROD00287,SKU-324164,Ultra Yoga Mat,CAT0790,805.70,498.36,315,true
PROD00288,SKU-111190,Vintage Desk,CAT0392,452.18,307.46,100,true
PROD00289,SKU-486785,Deluxe Desk,CAT0006,705.50,351.72,468,true
PROD00290,SKU-772844,Vintage Headphones,CAT0622,331.27,196.83,245,true
PROD00291,SKU-699975,Modern Printer,CAT0260,332.64,138.77,421,false
PROD00292,SKU-596446,Modern Vacuum,CAT0623,760.53,416.08,383,true
PROD00293,SKU-742693,Rustic Guitar,CAT0827,129.15,65.98,457,true
PROD00294,SKU-539953,Modern Router,CAT0182,1045.74,459.60,427,true
PROD00295,SKU-999563,Premium Yoga Mat,CAT0653,854.16,422.19,278,true
PROD00296,SKU-977944,Ultra Desk,CAT0671,738.73,299.19,344,true
PROD00297,SKU-484047,Portable Printer,CAT0174,1087.34,626.37,264,false
PROD00298,SKU-168110,Limited Cookware Set,CAT0427,1006.07,604.54,98,true
PROD00299,SKU-146670,Deluxe Sneakers,CAT0747,323.63,146.21,141,true
PROD00300,SKU-978559,Modern Coffee Maker,CAT0420,211.70,132.11,481,false
PROD00301,SKU-976720,Wireless Guitar,CAT0360,145.67,78.64,356,false
PROD00302,SKU-864989,Vintage Yoga Mat,CAT0091,143.93,61.48,44,true
PROD00303,SKU-110945,Essential Tablet,CAT0989,29.03,13.09,111,true
PROD00304,SKU-977981,Classic Backpack,CAT0899,870.51,412.64,348,true
PROD00305,SKU-155926,Vintage Desk,CAT0766,908.22,399.45,194,true
PROD00306,SKU-975849,Eco Watch,CAT0144,680.22,356.57,96,true
PROD00307,SKU-196901,Compact Jacket,CAT0303,314.93,167.50,250,true
PROD00308,SKU-761679,Portable Blender,CAT0791,771.98,412.93,351,true
PROD00309,SKU-836296,Premium Drill,CAT0395,191.07,109.03,222,true
PROD00310,SKU-628236,Rustic Monitor,CAT0816,349.98,175.92,282,true
PROD00311,SKU-328856,Rustic Watch,CAT0093,618.36,286.43,239,true
PROD00312,SKU-246606,Vintage Mixer,CAT0530,791.71,360.96,239,true
PROD00313,SKU-438031,Portable Drill,CAT0387,791.67,530.72,359,true
PROD00314,SKU-779352,Portable Headphones,CAT0163,508.58,254.50,462,true
PROD00315,SKU-888576,Vintage Blender,CAT0314,199.48,112.51,11,true
PROD00316,SKU-518731,Essential Yoga Mat,CAT0608,693.28,367.78,242,true
PROD00317,SKU-520639,Wireless Router,CAT0383,723.13,393.94,153,false
PROD00318,SKU-213094,Vintage Chair,CAT0782,1122.03,760.81,215,true
PROD00319,SKU-274467,Wireless Drill,CAT0411,713.73,320.61,472,true
PROD00320,SKU-695578,Essential Printer,CAT0966,631.28,432.71,384,true
PROD00321,SKU-424296,Limited Speaker,CAT0808,1152.10,796.21,405,true
PROD00322,SKU-790601,Rustic Blender,CAT0470,478.21,257.36,75,true
PROD00323,SKU-313198,Eco Camera,CAT0315,101.05,47.58,223,false
PROD00324,SKU-105184,Compact Sneakers,CAT0702,668.64,423.04,244,true
PROD00325,SKU-595248,Advanced Vacuum,CAT0564,825.71,503.38,342,true
PROD00326,SKU-234744,Classic Printer,CAT0249,916.85,393.10,162,true
PROD00327,SKU-807526,Eco Cookware Set,CAT0792,395.90,192.00,373,true
PROD00328,SKU-876396,Essential Cookware Set,CAT0547,90.63,49.53,496,true
PROD00329,SKU-456359,Compact Smartphone,CAT0183,922.57,471.19,256,true
PROD00330,SKU-341249,Essential Smartphone,CAT0770,480.83,203.48,70,true
PROD00331,SKU-785815,Premium Desk,CAT0310,525.30,263.64,92,true
PROD00332,SKU-373698,Wireless Camera,CAT0397,811.95,441.86,490,true
PROD00333,SKU-587506,Eco Jacket,CAT0408,820.40,533.48,412,false
PROD00334,SKU-946112,Limited Router,CAT0104,788.76,411.21,6,true
PROD00335,SKU-609754,Eco Drill,CAT0520,463.87,248.82,334,true
PROD00336,SKU-878111,Smart Treadmill,CAT0790,70.14,37.00,324,true
PROD00337,SKU-451339,Rustic Yoga Mat,CAT0515,450.53,244.22,432,true
PROD00338,SKU-896509,Portable Mixer,CAT0805,218.71,115.31,196,true
PROD00339,SKU-718820,Advanced Sneakers,CAT0008,407.85,277.44,132,true
PROD00340,SKU-587339,Ultra Smartphone,CAT0746,1047.29,555.55,144,false
PROD00341,SKU-819729,Ultra Vacuum,CAT0472,443.69,295.83,189,true
PROD00342,SKU-380216,Portable Monitor,CAT0304,921.37,375.05,91,true
PROD00343,SKU-724719,Smart Headphones,CAT0458,392.94,232.15,57,true
PROD00344,SKU-660972,Premium Guitar,CAT0757,478.48,216.55,48,true
PROD00345,SKU-580280,Eco Tablet,CAT0506,520.17,250.93,352,true
PROD00346,SKU-180253,Vintage Router,CAT0841,630.65,338.99,167,true
PROD00347,SKU-500464,Eco Smartphone,CAT0742,767.19,509.88,262,true
PROD00348,SKU-520205,Advanced Speaker,CAT0950,765.91,375.75,11,true
PROD00349,SKU-977504,Modern Watch,CAT0739,785.21,522.07,467,true
PROD00350,SKU-639009,Advanced Desk,CAT0585,316.87,155.57,276,true
PROD00351,SKU-325663,Compact Printer,CAT0819,63.35,36.24,389,true
PROD00352,SKU-804055,Wireless Router,CAT0706,935.08,451.70,23,true
PROD00353,SKU-317198,Vintage Jacket,CAT0695,345.47,138.71,9,true
PROD00354,SKU-765695,Limited Sneakers,CAT0282,324.13,187.91,162,false
PROD00355,SKU-401813,Compact Headphones,CAT0727,392.91,164.68,372,true
PROD00356,SKU-667759,Ultra Yoga Mat,CAT0603,507.81,293.80,199,true
PROD00357,SKU-565969,Deluxe Headphones,CAT0352,412.01,207.62,77,true
PROD00358,SKU-509008,Modern Vacuum,CAT0216,641.03,289.11,130,true
PROD00359,SKU-462072,Limited Drill,CAT0991,98.94,54.02,42,true
PROD00360,SKU-807265,Deluxe Blender,CAT0312,353.73,174.96,239,false
PROD00361,SKU-535571,Essential Drill,CAT0171,751.00,427.67,391,false
PROD00362,SKU-663706,Wireless Guitar,CAT0762,591.45,278.23,67,true
PROD00363,SKU-216006,Ultra Mixer,CAT0100,477.92,221.46,292,true
PROD00364,SKU-520601,Ultra Jacket,CAT0786,934.14,579.48,281,true
PROD00365,SKU-907927,Rustic Desk,CAT0429,1081.05,522.86,185,true
PROD00366,SKU-626704,Limited Monitor,CAT0984,761.58,449.99,274,true
PROD00367,SKU-571288,Compact Cookware Set,CAT0507,909.41,441.87,80,true
PROD00368,SKU-899995,Eco Cookware Set,CAT0296,8.99,5.83,237,true
PROD00369,SKU-538587,Limited Mixer,CAT0393,698.29,366.90,210,true
PROD00370,SKU-184416,Premium Smartphone,CAT0230,170.59,99.96,306,true
PROD00371,SKU-755879,Smart Headphones,CAT0333,733.73,330.13,241,true
PROD00372,SKU-508251,Portable Headphones,CAT0761,723.60,460.91,282,true
PROD00373,SKU-283722,Compact Jacket,CAT0469,446.03,295.45,241,true
PROD00374,SKU-132390,Vintage Desk,CAT0331,163.52,68.59,105,true
PROD00375,SKU-935456,Classic Chair,CAT0701,725.88,505.88,90,true
PROD00376,SKU-267003,Deluxe Tablet,CAT0114,965.41,628.83,125,true
PROD00377,SKU-645015,Advanced Headphones,CAT0767,43.63,26.31,240,true
PROD00378,SKU-226858,Advanced Treadmill,CAT0981,315.73,194.11,366,true
PROD00379,SKU-861299,Limited Guitar,CAT0732,33.35,18.15,30,true
PROD00380,SKU-636409,Smart Router,CAT0788,52.69,27.39,322,true
PROD00381,SKU-965314,Smart Mixer,CAT0107,179.45,85.91,296,true
PROD00382,SKU-248845,Advanced Router,CAT0174,442.93,264.41,467,true
PROD00383,SKU-177667,Classic Desk,CAT0271,121.07,71.75,234,true
PROD00384,SKU-566272,Classic Chair,CAT0776,315.70,154.25,169,true
PROD00385,SKU-246822,Modern Watch,CAT0582,333.98,137.17,75,true
PROD00386,SKU-405364,Premium Chair,CAT0902,448.17,228.04,157,true
PROD00387,SKU-805983,Eco Drill,CAT0650,369.17,226.64,150,true
PROD00388,SKU-502890,Rustic Printer,CAT0132,180.10,87.83,131,true
PROD00389,SKU-372022,Premium Desk,CAT0598,367.03,211.14,186,true
PROD00390,SKU-460934,Modern Coffee Maker,CAT0416,574.98,385.24,329,true
PROD00391,SKU-608817,Ultra Coffee Maker,CAT0322,630.39,323.64,331,true
PROD00392,SKU-801229,Deluxe Vacuum,CAT0180,583.38,299.83,484,false
PROD00393,SKU-915807,Compact Camera,CAT0212,273.05,132.02,373,true
PROD00394,SKU-769658,Limited Desk,CAT0366,601.05,343.09,464,false
PROD00395,SKU-796510,Modern Coffee Maker,CAT0920,277.90,128.04,16,true
PROD00396,SKU-660730,Advanced Speaker,CAT0520,85.30,48.28,433,true
PROD00397,SKU-648351,Ultra Backpack,CAT0994,958.51,511.83,126,true
PROD00398,SKU-356992,Rustic Router,CAT0188,829.19,493.57,116,true
PROD00399,SKU-390955,Classic Jacket,CAT0042,1175.36,563.85,46,true
PROD00400,SKU-163821,Modern Backpack,CAT0928,1084.24,603.67,106,true
PROD00401,SKU-919370,Essential Drill,CAT0489,559.80,314.09,26,true
PROD00402,SKU-599159,Limited Backpack,CAT0202,576.57,307.06,101,false
PROD00403,SKU-709970,Essential Desk,CAT0613,587.24,335.20,220,true
PROD00404,SKU-717545,Advanced Router,CAT0908,533.96,316.53,412,true
PROD00405,SKU-383894,Rustic Yoga Mat,CAT0001,305.84,159.69,252,true
PROD00406,SKU-414192,Portable Coffee Maker,CAT0495,619.47,424.60,135,true
PROD00407,SKU-756326,Compact Speaker,CAT0282,815.02,449.01,225,true
PROD00408,SKU-634299,Rustic Jacket,CAT0500,12.79,8.54,240,true
PROD00409,SKU-564727,Eco Backpack,CAT0779,521.26,256.14,175,true
PROD00410,SKU-323573,Deluxe Jacket,CAT0199,935.66,588.40,157,true
PROD00411,SKU-739135,Portable Coffee Maker,CAT0484,127.99,62.72,107,true
PROD00412,SKU-280121,Eco Speaker,CAT0161,234.33,121.59,436,true
PROD00413,SKU-785234,Limited Jacket,CAT0334,1148.26,797.29,304,true
PROD00414,SKU-997830,Rustic Router,CAT0276,278.32,133.28,427,true
PROD00415,SKU-430664,Eco Camera,CAT0342,873.42,566.65,230,true
PROD00416,SKU-523709,Essential Cookware Set,CAT0781,503.46,316.51,28,true
PROD00417,SKU-387527,Portable Tablet,CAT0825,172.22,92.49,9,true
PROD00418,SKU-491617,Compact Desk,CAT0678,861.42,420.75,12,true
PROD00419,SKU-936212,Rustic Cookware Set,CAT0334,671.89,417.72,110,true
PROD00420,SKU-857962,Classic Watch,CAT0110,93.94,42.10,245,true
PROD00421,SKU-791450,Essential Vacuum,CAT0975,1165.50,482.28,199,true
PROD00422,SKU-714585,Vintage Printer,CAT0499,303.57,211.31,192,false
PROD00423,SKU-398042,Premium Tablet,CAT0351,334.88,171.07,56,true
PROD00424,SKU-533877,Vintage Router,CAT0076,392.83,248.49,422,true
PROD00425,SKU-559550,Eco Drill,CAT0307,691.04,392.89,125,true
PROD00426,SKU-823066,Deluxe Monitor,CAT0267,670.23,432.43,11,true
PROD00427,SKU-429212,Rustic Backpack,CAT0892,944.15,579.16,490,true
PROD00428,SKU-591075,Vintage Yoga Mat,CAT0766,1062.08,483.50,116,true
PROD00429,SKU-732938,Portable Desk,CAT0694,1165.87,556.95,382,true
PROD00430,SKU-609982,Eco Mixer,CAT0658,495.88,257.31,408,false
PROD00431,SKU-693194,Deluxe Laptop,CAT0935,1187.62,608.11,223,true
PROD00432,SKU-449964,Deluxe Speaker,CAT0810,648.88,314.57,324,false
PROD00433,SKU-657593,Advanced Drill,CAT0095,1169.20,741.48,81,true
PROD00434,SKU-300160,Ultra Backpack,CAT0588,1107.38,645.61,384,false
PROD00435,SKU-874831,Limited Treadmill,CAT0838,335.85,179.81,77,true
PROD00436,SKU-919056,Advanced Jacket,CAT0664,692.39,371.27,354,true
PROD00437,SKU-968454,Smart Headphones,CAT0412,691.81,278.04,199,false
PROD00438,SKU-712763,Compact Speaker,CAT0438,184.84,121.38,345,true
PROD00439,SKU-702342,Deluxe Yoga Mat,CAT0670,800.16,504.88,473,true
PROD00440,SKU-255486,Vintage Printer,CAT0889,694.34,317.07,105,true
PROD00441,SKU-917326,Advanced Headphones,CAT0547,724.30,473.26,65,true
PROD00442,SKU-318950,Advanced Speaker,CAT0892,381.83,179.09,103,true
PROD00443,SKU-472605,Smart Watch,CAT0239,1123.88,522.80,13,true
PROD00444,SKU-565517,Vintage Yoga Mat,CAT0127,1001.82,513.47,444,true
PROD00445,SKU-308286,Modern Desk,CAT0390,63.81,33.92,105,true
PROD00446,SKU-706395,Essential Mixer,CAT0096,1163.25,642.13,370,true
PROD00447,SKU-475799,Eco Desk,CAT0124,1129.13,702.54,383,true
PROD00448,SKU-477338,Smart Desk,CAT0216,1182.26,756.57,244,true
PROD00449,SKU-519753,Advanced Yoga Mat,CAT0017,13.67,8.76,492,true
PROD00450,SKU-988991,Portable Blender,CAT0969,375.43,157.53,333,true
PROD00451,SKU-594258,Modern Backpack,CAT0667,774.08,400.13,8,true
PROD00452,SKU-988578,Wireless Router,CAT0663,1077.31,445.59,127,true
PROD00453,SKU-899316,Premium Sneakers,CAT0532,191.13,116.31,19,false
PROD00454,SKU-747553,Rustic Desk,CAT0888,889.12,433.82,212,true
PROD00455,SKU-878008,Smart Jacket,CAT0179,1123.87,775.01,414,true
PROD00456,SKU-131436,Eco Blender,CAT0901,1110.32,706.13,254,true
PROD00457,SKU-436669,Smart Tablet,CAT0383,1091.23,523.30,14,true
PROD00458,SKU-251352,Portable Headphones,CAT0911,567.25,351.97,467,true
PROD00459,SKU-265855,Deluxe Cookware Set,CAT0781,720.22,401.57,51,false
PROD00460,SKU-598796,Vintage Chair,CAT0095,506.76,212.79,237,true
PROD00461,SKU-767791,Ultra Guitar,CAT0451,165.61,96.22,0,true
PROD00462,SKU-743416,Classic Watch,CAT0132,390.84,219.65,342,true
PROD00463,SKU-231945,Classic Vacuum,CAT0767,998.15,570.31,112,true
PROD00464,SKU-852110,Rustic Sneakers,CAT0231,792.76,493.85,206,true
PROD00465,SKU-791398,Essential Mixer,CAT0256,275.34,125.39,154,true
PROD00466,SKU-379682,Classic Monitor,CAT0605,626.30,358.96,389,true
PROD00467,SKU-992074,Portable Treadmill,CAT0384,795.14,456.26,17,true
PROD00468,SKU-291021,Rustic Cookware Set,CAT0648,62.38,28.66,7,true
PROD00469,SKU-604130,Premium Chair,CAT0166,479.13,193.34,247,true
PROD00470,SKU-574065,Compact Tablet,CAT0891,981.30,562.44,109,true
PROD00471,SKU-905842,Wireless Guitar,CAT0451,145.79,70.53,263,true
PROD00472,SKU-909508,Portable Jacket,CAT0262,412.47,272.89,281,true
PROD00473,SKU-166183,Advanced Monitor,CAT0877,414.14,230.15,400,true
PROD00474,SKU-579653,Limited Headphones,CAT0988,654.27,280.27,424,true
PROD00475,SKU-574548,Deluxe Printer,CAT0303,155.93,78.63,223,true
PROD00476,SKU-635722,Advanced Coffee Maker,CAT0187,480.08,327.59,99,true
PROD00477,SKU-471129,Limited Chair,CAT0795,24.98,15.49,269,true
PROD00478,SKU-659054,Eco Drill,CAT0881,639.02,264.62,185,true
PROD00479,SKU-273681,Modern Coffee Maker,CAT0171,452.49,194.59,325,true
PROD00480,SKU-667092,Essential Chair,CAT0864,1117.13,686.84,482,true
PROD00481,SKU-520345,Smart Desk,CAT0286,63.45,43.83,151,true
PROD00482,SKU-856597,Deluxe Treadmill,CAT0916,574.47,285.27,480,true
PROD00483,SKU-869089,Advanced Watch,CAT0726,669.13,330.20,313,true
PROD00484,SKU-962392,Advanced Laptop,CAT0774,495.40,219.53,82,true
PROD00485,SKU-509992,Rustic Chair,CAT0401,944.64,560.95,302,true
PROD00486,SKU-247262,Ultra Blender,CAT0073,275.43,188.59,457,true
PROD00487,SKU-564919,Modern Router,CAT0600,1133.49,505.03,72,true
PROD00488,SKU-649706,Rustic Speaker,CAT0012,765.92,425.99,52,true
PROD00489,SKU-230929,Essential Vacuum,CAT0238,794.20,388.88,277,true
PROD00490,SKU-854981,Classic Sneakers,CAT0073,1056.87,661.89,174,true
PROD00491,SKU-589187,Premium Cookware Set,CAT0859,1069.88,464.17,218,true
PROD00492,SKU-405247,Vintage Printer,CAT0709,1039.28,567.65,115,true
PROD00493,SKU-353013,Advanced Router,CAT0618,1151.88,759.69,445,true
PROD00494,SKU-210299,Classic Printer,CAT0987,521.81,217.59,442,true
PROD00495,SKU-632491,Ultra Router,CAT0751,334.66,159.13,168,true
PROD00496,SKU-945143,Ultra Watch,CAT0366,104.30,44.88,248,true
PROD00497,SKU-918855,Classic Chair,CAT0606,523.35,251.06,423,true
PROD00498,SKU-799984,Deluxe Smartphone,CAT0858,680.92,396.29,195,false
PROD00499,SKU-703587,Advanced Drill,CAT0859,953.35,654.21,48,true
PROD00500,SKU-733136,Rustic Chair,CAT0370,698.25,427.88,215,true
PROD00501,SKU-993631,Modern Router,CAT0041,420.03,267.32,235,true
PROD00502,SKU-880545,Deluxe Laptop,CAT0963,481.44,308.88,398,true
PROD00503,SKU-444941,Vintage Headphones,CAT0222,682.48,277.94,50,true
PROD00504,SKU-476007,Smart Headphones,CAT0747,550.66,367.45,419,true
PROD00505,SKU-580462,Portable Chair,CAT0284,537.98,222.91,357,true
PROD00506,SKU-779778,Wireless Jacket,CAT0215,672.38,443.13,164,true
PROD00507,SKU-998258,Rustic Blender,CAT0800,979.49,640.01,45,true
PROD00508,SKU-431910,Essential Guitar,CAT0758,967.16,667.12,424,true
PROD00509,SKU-621344,Vintage Router,CAT0093,769.14,379.86,327,true
PROD00510,SKU-453371,Smart Desk,CAT0272,1027.89,560.85,412,true
PROD00511,SKU-299008,Portable Jacket,CAT0983,206.41,83.55,297,true
PROD00512,SKU-664400,Deluxe Printer,CAT0658,674.78,423.11,91,true
PROD00513,SKU-795405,Modern Backpack,CAT0204,116.57,71.52,207,true
PROD00514,SKU-503953,Eco Printer,CAT0349,641.73,333.08,53,true
PROD00515,SKU-335745,Modern Camera,CAT0629,686.28,291.44,226,true
PROD00516,SKU-618513,Compact Guitar,CAT0159,802.69,387.01,114,true
PROD00517,SKU-326458,Compact Chair,CAT0897,274.87,163.37,74,false
PROD00518,SKU-534661,Compact Headphones,CAT0879,736.60,479.81,284,true
PROD00519,SKU-519028,Essential Desk,CAT0423,227.34,126.30,321,true
PROD00520,SKU-481649,Vintage Cookware Set,CAT0765,317.48,202.88,411,true
PROD00521,SKU-435706,Smart Blender,CAT0374,1080.56,735.94,276,true
PROD00522,SKU-358888,Modern Sneakers,CAT0330,1032.63,718.58,407,true
PROD00523,SKU-598847,Eco Mixer,CAT0940,942.14,520.28,274,true
PROD00524,SKU-776295,Rustic Smartphone,CAT0234,865.53,532.53,499,true
PROD00525,SKU-748865,Compact Yoga Mat,CAT0276,691.24,287.53,224,true
PROD00526,SKU-570253,Smart Backpack,CAT0977,1194.97,485.92,286,true
PROD00527,SKU-815136,Vintage Blender,CAT0489,1041.75,462.92,181,false
PROD00528,SKU-128916,Modern Watch,CAT0584,306.15,204.80,365,true
PROD00529,SKU-325657,Smart Printer,CAT0783,1131.58,787.42,338,true
PROD00530,SKU-937200,Deluxe Printer,CAT0691,369.07,173.38,448,true
PROD00531,SKU-429733,Smart Sneakers,CAT0785,649.84,392.76,441,false
PROD00532,SKU-912248,Essential Laptop,CAT0730,906.59,522.41,500,false
PROD00533,SKU-360885,Advanced Coffee Maker,CAT0424,877.80,544.03,307,true
PROD00534,SKU-225304,Eco Jacket,CAT0031,781.04,428.39,169,false
PROD00535,SKU-527372,Smart Drill,CAT0718,1139.09,588.04,195,true
PROD00536,SKU-841618,Eco Speaker,CAT0188,119.56,60.56,220,true
PROD00537,SKU-468260,Classic Backpack,CAT0189,316.30,145.56,331,true
PROD00538,SKU-735604,Portable Yoga Mat,CAT0770,117.36,56.02,31,true
PROD00539,SKU-654823,Premium Monitor,CAT0383,119.11,47.71,6,false
PROD00540,SKU-493044,Smart Camera,CAT0029,961.05,548.21,439,false
PROD00541,SKU-328981,Eco Desk,CAT0652,746.94,339.51,499,true
PROD00542,SKU-285522,Ultra Monitor,CAT0935,189.83,97.24,456,true
PROD00543,SKU-131815,Ultra Jacket,CAT0520,182.88,118.09,318,false
PROD00544,SKU-213010,Deluxe Mixer,CAT0827,1121.43,763.14,178,true
PROD00545,SKU-732819,Essential Coffee Maker,CAT0172,1080.78,593.67,79,true
PROD00546,SKU-972174,Vintage Speaker,CAT0961,548.33,327.65,199,true
PROD00547,SKU-248249,Advanced Monitor,CAT0568,83.23,39.44,122,true
PROD00548,SKU-603760,Classic Desk,CAT0814,488.12,247.72,415,true
PROD00549,SKU-645095,Limited Printer,CAT0773,1007.68,432.93,46,true
PROD00550,SKU-513332,Portable Coffee Maker,CAT0577,692.23,387.36,387,true
PROD00551,SKU-407189,Compact Camera,CAT0329,166.89,104.98,483,true
PROD00552,SKU-209385,Smart Treadmill,CAT0387,103.45,42.12,164,true
PROD00553,SKU-401144,Essential Cookware Set,CAT0314,599.65,381.32,394,true
PROD00554,SKU-422038,Premium Coffee Maker,CAT0852,54.75,37.45,456,true
PROD00555,SKU-150285,Vintage Drill,CAT0556,212.16,104.83,273,false
PROD00556,SKU-963760,Wireless Cookware Set,CAT0193,425.36,238.77,422,true
PROD00557,SKU-488837,Smart Router,CAT0521,631.16,286.22,348,true
PROD00558,SKU-332329,Vintage Desk,CAT0102,551.39,251.27,364,true
PROD00559,SKU-116350,Modern Desk,CAT0508,252.05,149.25,23,true
PROD00560,SKU-352064,Compact Printer,CAT0120,1109.55,445.40,337,true
PROD00561,SKU-489843,Ultra Speaker,CAT0182,1184.57,767.57,469,true
PROD00562,SKU-370726,Premium Sneakers,CAT0146,720.51,422.60,451,true
PROD00563,SKU-314828,Limited Drill,CAT0728,1037.17,609.71,481,true
PROD00564,SKU-533732,Modern Watch,CAT0420,829.89,435.50,193,true
PROD00565,SKU-110936,Vintage Desk,CAT0837,936.17,445.64,320,true
PROD00566,SKU-333805,Premium Printer,CAT0786,541.71,324.42,36,true
PROD00567,SKU-663022,Advanced Jacket,CAT0924,950.47,399.15,167,true
PROD00568,SKU-517547,Modern Watch,CAT0979,818.68,556.04,145,true
PROD00569,SKU-962849,Wireless Drill,CAT0268,134.65,58.68,453,true
PROD00570,SKU-137429,Advanced Guitar,CAT0867,600.07,262.91,240,true
PROD00571,SKU-899582,Advanced Chair,CAT0039,1000.55,455.59,355,true
PROD00572,SKU-563495,Compact Treadmill,CAT0631,448.23,278.58,305,true
PROD00573,SKU-860123,Limited Coffee Maker,CAT0786,1169.54,737.47,162,false
PROD00574,SKU-284055,Premium Sneakers,CAT0350,1032.09,490.49,179,true
PROD00575,SKU-405980,Vintage Tablet,CAT0058,472.62,210.76,258,false
PROD00576,SKU-126539,Eco Tablet,CAT0200,406.39,250.48,446,true
PROD00577,SKU-250327,Ultra Chair,CAT0617,636.63,361.00,280,true
PROD00578,SKU-118310,Premium Mixer,CAT0702,82.83,46.00,316,true
PROD00579,SKU-817557,Modern Speaker,CAT0380,50.92,34.14,119,false
PROD00580,SKU-225453,Premium Drill,CAT0060,977.38,616.34,438,true
PROD00581,SKU-964024,Limited Laptop,CAT0578,656.97,266.69,466,true
PROD00582,SKU-571514,Essential Tablet,CAT0396,342.55,200.33,466,true
PROD00583,SKU-767625,Limited Vacuum,CAT0628,303.80,210.85,232,true
PROD00584,SKU-251422,Vintage Sneakers,CAT0466,646.06,328.22,146,true
PROD00585,SKU-121954,Eco Cookware Set,CAT0264,1058.92,540.50,221,true
PROD00586,SKU-993055,Eco Laptop,CAT0471,495.39,328.91,116,true
PROD00587,SKU-538017,Eco Tablet,CAT0362,253.68,132.35,235,true
PROD00588,SKU-518259,Classic Cookware Set,CAT0475,439.45,218.76,68,true
PROD00589,SKU-864733,Compact Chair,CAT0223,856.54,488.67,337,true
PROD00590,SKU-493023,Portable Yoga Mat,CAT0562,1035.61,660.33,329,true
PROD00591,SKU-414908,Smart Sneakers,CAT0482,134.84,80.32,463,true
PROD00592,SKU-678492,Rustic Smartphone,CAT0423,65.81,30.61,455,true
PROD00593,SKU-827679,Smart Coffee Maker,CAT0443,220.48,117.49,105,true
PROD00594,SKU-906606,Limited Jacket,CAT0280,1180.44,713.21,79,true
PROD00595,SKU-874337,Essential Desk,CAT0155,496.49,268.39,66,true
PROD00596,SKU-871036,Classic Speaker,CAT0626,1119.96,653.72,321,true
PROD00597,SKU-155315,Limited Mixer,CAT0806,83.10,33.78,169,true
PROD00598,SKU-422501,Portable Blender,CAT0208,893.58,614.24,430,false
PROD00599,SKU-455069,Essential Speaker,CAT0598,1085.90,579.85,360,true
PROD00600,SKU-259401,Wireless Mixer,CAT0822,676.46,453.39,83,true
PROD00601,SKU-592377,Deluxe Smartphone,CAT0420,194.15,109.83,358,true
PROD00602,SKU-566515,Modern Chair,CAT1000,140.47,96.03,49,true
PROD00603,SKU-120923,Eco Cookware Set,CAT0485,458.35,206.78,300,true
PROD00604,SKU-569063,Ultra Blender,CAT0954,531.92,304.03,457,false
PROD00605,SKU-189139,Classic Monitor,CAT0581,415.88,208.74,453,true
PROD00606,SKU-256747,Eco Sneakers,CAT0640,363.62,188.39,56,true
PROD00607,SKU-845965,Rustic Monitor,CAT0202,1154.08,572.67,405,true
PROD00608,SKU-752069,Advanced Blender,CAT0618,1180.37,647.34,456,true
PROD00609,SKU-645712,Eco Blender,CAT0872,307.00,170.09,462,true
PROD00610,SKU-834543,Classic Speaker,CAT0928,204.42,121.59,156,true
PROD00611,SKU-788592,Smart Speaker,CAT0042,331.04,231.24,234,true
PROD00612,SKU-754489,Portable Guitar,CAT0033,161.13,111.74,5,true
PROD00613,SKU-507263,Premium Camera,CAT0390,243.57,131.78,18,true
PROD00614,SKU-995092,Wireless Printer,CAT0385,406.08,260.27,401,true
PROD00615,SKU-679215,Modern Speaker,CAT0136,1131.77,696.87,98,true
PROD00616,SKU-944601,Wireless Backpack,CAT0936,542.60,326.40,341,true
PROD00617,SKU-945389,Ultra Coffee Maker,CAT0918,140.66,90.48,390,true
PROD00618,SKU-348455,Advanced Jacket,CAT0383,82.63,47.23,398,false
PROD00619,SKU-747454,Advanced Headphones,CAT0741,21.07,13.53,36,true
PROD00620,SKU-210973,Limited Yoga Mat,CAT0647,1048.71,666.81,313,true
PROD00621,SKU-294589,Modern Sneakers,CAT0205,1102.01,747.13,46,true
PROD00622,SKU-152427,Advanced Headphones,CAT0444,950.95,446.87,367,false
PROD00623,SKU-842640,Portable Tablet,CAT0543,235.20,151.77,253,true
PROD00624,SKU-164242,Eco Vacuum,CAT0295,879.22,507.79,226,true
PROD00625,SKU-668326,Premium Backpack,CAT0181,1169.16,560.00,294,true
PROD00626,SKU-989838,Modern Mixer,CAT0720,915.19,417.75,164,true
PROD00627,SKU-730775,Compact Jacket,CAT0405,764.18,441.46,211,true
PROD00628,SKU-352466,Wireless Desk,CAT0437,304.89,153.49,271,false
PROD00629,SKU-164612,Vintage Monitor,CAT0258,341.33,153.05,32,true
PROD00630,SKU-183835,Vintage Router,CAT0062,745.72,481.22,345,true
PROD00631,SKU-433864,Modern Yoga Mat,CAT0013,1172.72,706.39,301,true
PROD00632,SKU-169078,Vintage Blender,CAT0715,818.89,494.17,291,true
PROD00633,SKU-488438,Ultra Speaker,CAT0462,432.94,278.51,255,true
PROD00634,SKU-715754,Classic Speaker,CAT0560,1198.92,548.01,87,false
PROD00635,SKU-934930,Portable Treadmill,CAT0477,1056.57,525.44,433,true
PROD00636,SKU-248984,Smart Yoga Mat,CAT0890,1079.41,578.19,377,true
PROD00637,SKU-762902,Smart Headphones,CAT0895,171.62,84.95,76,true
PROD00638,SKU-258375,Premium Treadmill,CAT0811,981.80,659.39,303,true
PROD00639,SKU-453700,Compact Mixer,CAT0017,472.59,210.29,101,false
PROD00640,SKU-391157,Smart Jacket,CAT0311,996.58,653.90,116,true
PROD00641,SKU-267584,Essential Router,CAT0512,522.26,357.33,249,true
PROD00642,SKU-840319,Premium Blender,CAT0985,131.68,90.32,244,true
PROD00643,SKU-536569,Eco Chair,CAT0532,1132.29,725.90,251,false
PROD00644,SKU-748523,Wireless Tablet,CAT0163,409.60,202.01,219,true
PROD00645,SKU-946331,Essential Sneakers,CAT0543,341.87,211.08,352,true
PROD00646,SKU-487982,Portable Drill,CAT0994,570.86,231.38,213,true
PROD00647,SKU-764662,Portable Printer,CAT0240,1092.62,732.89,468,true
PROD00648,SKU-832251,Classic Watch,CAT0569,412.21,263.05,99,true
PROD00649,SKU-721632,Portable Tablet,CAT0587,1165.51,546.25,312,true
PROD00650,SKU-428686,Ultra Chair,CAT0501,678.14,452.43,261,true
PROD00651,SKU-585164,Smart Sneakers,CAT0639,389.38,217.57,308,true
PROD00652,SKU-929718,Modern Watch,CAT0069,542.13,343.29,394,true
PROD00653,SKU-334181,Eco Blender,CAT0869,934.42,506.57,324,false
PROD00654,SKU-435581,Portable Smartphone,CAT0495,676.44,429.61,248,true
PROD00655,SKU-726615,Essential Guitar,CAT0205,989.84,587.72,309,true
PROD00656,SKU-628617,Modern Laptop,CAT0754,1062.30,591.75,144,true
PROD00657,SKU-373665,Smart Treadmill,CAT0718,983.21,396.50,104,true
PROD00658,SKU-486538,Premium Headphones,CAT0668,774.57,407.75,238,true
PROD00659,SKU-565713,Eco Yoga Mat,CAT0641,461.51,206.34,388,true
PROD00660,SKU-575354,Vintage Watch,CAT0467,334.76,204.84,145,true
PROD00661,SKU-442399,Eco Speaker,CAT0980,25.26,10.50,282,true
PROD00662,SKU-759439,Eco Speaker,CAT0852,866.00,489.32,222,true
PROD00663,SKU-774885,Smart Jacket,CAT0335,737.63,463.35,144,true
PROD00664,SKU-852112,Rustic Drill,CAT0041,1060.50,441.97,365,true
PROD00665,SKU-848529,Advanced Backpack,CAT0144,186.13,103.64,120,false
PROD00666,SKU-172956,Portable Blender,CAT0347,101.98,51.30,252,true
PROD00667,SKU-262512,Premium Coffee Maker,CAT0427,771.97,400.50,280,true
PROD00668,SKU-373421,Ultra Desk,CAT0460,195.08,122.67,116,true
PROD00669,SKU-831159,Limited Monitor,CAT0572,33.95,20.13,115,true
PROD00670,SKU-244360,Premium Chair,CAT0777,283.04,126.18,256,true
PROD00671,SKU-403708,Smart Tablet,CAT0687,477.99,264.36,252,false
PROD00672,SKU-718312,Modern Printer,CAT0425,662.29,272.89,18,true
PROD00673,SKU-485999,Essential Vacuum,CAT0008,422.51,179.22,260,true
PROD00674,SKU-758169,Eco Cookware Set,CAT0218,186.95,75.19,381,true
PROD00675,SKU-311378,Wireless Guitar,CAT0384,615.50,275.72,386,true
PROD00676,SKU-782059,Portable Desk,CAT0335,1078.02,558.19,146,true
PROD00677,SKU-525397,Classic Smartphone,CAT0991,783.43,433.66,104,true
PROD00678,SKU-315569,Premium Cookware Set,CAT0824,132.54,90.12,102,true
PROD00679,SKU-722076,Modern Router,CAT0306,1000.35,602.47,418,true
PROD00680,SKU-984539,Classic Laptop,CAT0664,753.21,429.37,129,true
PROD00681,SKU-450153,Premium Camera,CAT0013,263.63,119.76,105,true
PROD00682,SKU-731046,Modern Cookware Set,CAT0738,396.19,275.46,385,true
PROD00683,SKU-799425,Classic Vacuum,CAT0575,718.10,458.51,438,true
PROD00684,SKU-749358,Advanced Smartphone,CAT0110,1061.87,696.38,25,true
PROD00685,SKU-267234,Wireless Headphones,CAT0311,536.85,332.11,49,false
PROD00686,SKU-490931,Compact Tablet,CAT0196,1165.27,725.44,38,true
PROD00687,SKU-416722,Limited Headphones,CAT0305,925.68,619.80,72,true
PROD00688,SKU-814949,Vintage Desk,CAT0124,1103.69,687.91,405,false
PROD00689,SKU-346208,Vintage Vacuum,CAT0179,22.14,9.43,233,true
PROD00690,SKU-690590,Essential Printer,CAT0571,331.40,134.80,245,false
PROD00691,SKU-131350,Modern Sneakers,CAT0221,82.86,50.00,19,true
PROD00692,SKU-146172,Ultra Yoga Mat,CAT0423,214.15,86.51,336,false
PROD00693,SKU-940896,Rustic Watch,CAT0727,341.47,185.67,136,false
PROD00694,SKU-781765,Wireless Desk,CAT0241,829.16,533.24,22,true
PROD00695,SKU-342767,Ultra Treadmill,CAT0573,1142.81,624.61,366,true
PROD00696,SKU-960581,Premium Camera,CAT0373,110.66,56.46,241,true
PROD00697,SKU-252773,Portable Monitor,CAT0924,448.67,253.64,164,true
PROD00698,SKU-464314,Portable Treadmill,CAT0179,698.35,357.30,392,true
PROD00699,SKU-527636,Ultra Monitor,CAT0770,1067.87,643.62,184,true
PROD00700,SKU-476091,Advanced Smartphone,CAT0260,1062.30,530.98,330,true
PROD00701,SKU-460137,Rustic Guitar,CAT0883,818.00,545.54,259,true
PROD00702,SKU-880973,Limited Sneakers,CAT0614,413.27,243.75,81,true
PROD00703,SKU-515603,Essential Sneakers,CAT0836,951.77,616.18,41,true
PROD00704,SKU-703418,Vintage Mixer,CAT0514,655.08,364.14,2,true
PROD00705,SKU-844229,Deluxe Monitor,CAT0965,201.82,94.46,403,true
PROD00706,SKU-514146,Advanced Speaker,CAT0750,1004.58,514.34,267,true
PROD00707,SKU-888073,Smart Chair,CAT0591,424.61,221.82,54,true
PROD00708,SKU-297479,Limited Yoga Mat,CAT0160,1002.05,669.94,366,false
PROD00709,SKU-175714,Rustic Coffee Maker,CAT0820,133.82,59.32,355,true
PROD00710,SKU-201279,Compact Cookware Set,CAT0311,991.15,557.61,487,true
PROD00711,SKU-967860,Premium Headphones,CAT0032,358.46,165.65,397,true
PROD00712,SKU-474880,Advanced Watch,CAT0464,1141.46,601.06,338,true
PROD00713,SKU-418543,Modern Smartphone,CAT0308,415.09,212.72,219,true
PROD00714,SKU-615200,Vintage Vacuum,CAT0651,739.69,305.17,500,false
PROD00715,SKU-936587,Portable Blender,CAT0032,310.66,168.40,196,true
PROD00716,SKU-468107,Rustic Mixer,CAT0433,827.87,485.19,485,true
PROD00717,SKU-191046,Classic Headphones,CAT0390,51.21,27.97,243,true
PROD00718,SKU-198572,Advanced Backpack,CAT0252,870.51,535.09,232,true
PROD00719,SKU-424863,Portable Chair,CAT0619,1180.88,484.52,282,true
PROD00720,SKU-817041,Ultra Yoga Mat,CAT0222,738.39,316.39,65,true
PROD00721,SKU-290036,Limited Headphones,CAT0958,610.02,256.65,237,true
PROD00722,SKU-151081,Essential Cookware Set,CAT0821,1110.35,661.89,129,true
PROD00723,SKU-995017,Modern Coffee Maker,CAT0503,212.83,113.97,83,false
PROD00724,SKU-978050,Essential Speaker,CAT0437,136.06,60.74,39,true
PROD00725,SKU-785633,Classic Chair,CAT0006,467.83,291.63,463,true
PROD00726,SKU-816212,Smart Laptop,CAT0310,223.30,112.10,298,true
PROD00727,SKU-221728,Compact Printer,CAT0456,971.06,664.61,51,true
PROD00728,SKU-620246,Eco Router,CAT0970,728.22,296.46,187,true
PROD00729,SKU-765669,Smart Headphones,CAT0726,632.58,384.70,278,true
PROD00730,SKU-170190,Classic Laptop,CAT0286,526.37,321.41,33,false
PROD00731,SKU-355047,Vintage Monitor,CAT0367,572.18,315.92,464,true
PROD00732,SKU-796926,Eco Mixer,CAT0025,198.58,113.41,100,true
PROD00733,SKU-928373,Deluxe Blender,CAT0571,319.29,134.12,336,true
PROD00734,SKU-414932,Smart Mixer,CAT0574,52.51,24.19,68,true
PROD00735,SKU-218229,Smart Headphones,CAT0381,76.69,48.81,268,true
PROD00736,SKU-435050,Essential Coffee Maker,CAT0010,367.50,236.46,471,true
PROD00737,SKU-324523,Classic Desk,CAT0194,798.52,433.98,50,true
PROD00738,SKU-253209,Deluxe Tablet,CAT0643,651.98,418.02,341,true
PROD00739,SKU-176116,Deluxe Sneakers,CAT0882,913.82,496.48,289,true
PROD00740,SKU-968195,Limited Treadmill,CAT0860,752.62,512.75,134,true
PROD00741,SKU-129009,Rustic Treadmill,CAT0044,1045.45,663.01,98,true
PROD00742,SKU-335637,Vintage Blender,CAT0401,542.54,353.15,383,true
PROD00743,SKU-777423,Classic Smartphone,CAT0973,949.61,633.03,446,true
PROD00744,SKU-178701,Eco Chair,CAT0614,627.90,344.81,221,true
PROD00745,SKU-252634,Smart Backpack,CAT0576,106.39,71.01,395,true
PROD00746,SKU-458070,Portable Watch,CAT0403,340.60,202.67,155,true
PROD00747,SKU-636283,Essential Speaker,CAT0942,373.23,255.49,249,true
PROD00748,SKU-734603,Ultra Printer,CAT0604,835.82,565.88,306,true
PROD00749,SKU-459042,Essential Sneakers,CAT0481,407.80,247.71,272,true
PROD00750,SKU-402982,Limited Backpack,CAT0258,756.80,514.81,304,true
PROD00751,SKU-421228,Portable Speaker,CAT0929,291.10,133.14,98,true
PROD00752,SKU-802215,Deluxe Monitor,CAT0422,337.83,195.71,337,true
PROD00753,SKU-820480,Essential Sneakers,CAT0822,925.04,451.89,351,true
PROD00754,SKU-645377,Deluxe Guitar,CAT0329,249.34,134.35,88,true
PROD00755,SKU-764214,Modern Camera,CAT0654,300.20,173.95,425,true
PROD00756,SKU-607870,Vintage Tablet,CAT0830,598.86,283.67,367,true
PROD00757,SKU-175550,Essential Yoga Mat,CAT0551,412.97,196.75,129,true
PROD00758,SKU-367188,Smart Guitar,CAT0403,8.90,4.06,475,true
PROD00759,SKU-540919,Vintage Guitar,CAT0598,986.28,545.74,101,true
PROD00760,SKU-505678,Smart Tablet,CAT0502,716.35,388.91,160,true
PROD00761,SKU-143027,Eco Mixer,CAT0371,913.35,637.75,433,false
PROD00762,SKU-879116,Advanced Guitar,CAT0549,325.76,206.91,351,true
PROD00763,SKU-754688,Premium Monitor,CAT0581,76.56,33.18,368,true
PROD00764,SKU-888242,Smart Chair,CAT0237,268.42,155.98,136,true
PROD00765,SKU-899383,Portable Chair,CAT0156,32.43,18.65,112,true
PROD00766,SKU-268187,Ultra Cookware Set,CAT0209,652.34,264.35,46,true
PROD00767,SKU-986447,Essential Watch,CAT0829,586.08,251.26,208,true
PROD00768,SKU-393046,Classic Smartphone,CAT0170,1070.80,723.10,54,false
PROD00769,SKU-505487,Limited Camera,CAT0446,697.67,404.59,228,true
PROD00770,SKU-875070,Advanced Backpack,CAT0419,856.35,456.23,454,true
PROD00771,SKU-806017,Essential Cookware Set,CAT0024,651.81,313.86,251,true
PROD00772,SKU-745543,Vintage Coffee Maker,CAT0351,389.89,214.33,198,true
PROD00773,SKU-977594,Essential Desk,CAT0382,177.70,75.20,357,true
PROD00774,SKU-387458,Eco Cookware Set,CAT0213,265.42,134.30,127,true
PROD00775,SKU-125455,Vintage Chair,CAT0389,722.52,390.82,351,true
PROD00776,SKU-122942,Compact Tablet,CAT0715,82.31,50.53,199,true
PROD00777,SKU-544740,Portable Cookware Set,CAT0021,591.69,365.22,45,true
PROD00778,SKU-601775,Portable Chair,CAT0276,443.08,309.77,80,true
PROD00779,SKU-305219,Ultra Drill,CAT0661,623.02,348.44,433,false
PROD00780,SKU-266465,Smart Blender,CAT0050,914.05,390.29,47,true
PROD00781,SKU-575110,Deluxe Laptop,CAT0257,99.71,67.76,76,true
PROD00782,SKU-529354,Ultra Treadmill,CAT0286,1045.86,476.71,159,true
PROD00783,SKU-786420,Advanced Chair,CAT0893,115.26,47.91,400,true
PROD00784,SKU-543824,Ultra Router,CAT0181,349.45,189.08,458,true
PROD00785,SKU-206441,Premium Desk,CAT0618,856.47,359.90,137,true
PROD00786,SKU-486851,Eco Guitar,CAT0128,935.98,529.79,370,true
PROD00787,SKU-280139,Deluxe Jacket,CAT0252,945.36,470.45,392,true
PROD00788,SKU-241504,Ultra Headphones,CAT0513,607.89,253.52,85,false
PROD00789,SKU-701740,Eco Sneakers,CAT0248,1034.72,672.86,400,true
PROD00790,SKU-269960,Compact Yoga Mat,CAT0180,853.70,524.20,327,true
PROD00791,SKU-654584,Premium Backpack,CAT0387,167.41,81.39,409,true
PROD00792,SKU-650555,Rustic Cookware Set,CAT0564,652.06,339.83,238,true
PROD00793,SKU-885743,Deluxe Blender,CAT0806,728.59,448.45,207,true
PROD00794,SKU-943934,Deluxe Treadmill,CAT0171,606.27,333.40,18,true
PROD00795,SKU-532446,Essential Blender,CAT0863,361.64,210.23,195,true
PROD00796,SKU-326041,Portable Headphones,CAT0323,587.23,367.07,222,true
PROD00797,SKU-885619,Rustic Sneakers,CAT0461,1038.91,661.95,71,true
PROD00798,SKU-560352,Wireless Cookware Set,CAT0251,175.07,117.32,129,true
PROD00799,SKU-236749,Classic Printer,CAT0477,449.02,207.18,212,true
PROD00800,SKU-492204,Compact Sneakers,CAT0919,769.83,331.32,27,true
PROD00801,SKU-727296,Vintage Cookware Set,CAT0909,785.85,416.51,150,true
PROD00802,SKU-988326,Deluxe Guitar,CAT0489,53.43,37.10,245,false
PROD00803,SKU-206223,Portable Desk,CAT0318,1106.77,497.81,74,true
PROD00804,SKU-646403,Deluxe Watch,CAT0062,34.50,16.06,190,false
PROD00805,SKU-442406,Smart Speaker,CAT0818,737.45,371.73,145,true
PROD00806,SKU-611198,Rustic Coffee Maker,CAT0600,152.34,80.97,221,true
PROD00807,SKU-630524,Premium Monitor,CAT0799,659.85,412.20,34,true
PROD00808,SKU-857641,Eco Cookware Set,CAT0339,794.44,422.61,325,true
PROD00809,SKU-330935,Eco Desk,CAT0096,742.16,358.26,21,false
PROD00810,SKU-938306,Premium Sneakers,CAT0200,504.96,231.32,422,true
PROD00811,SKU-100594,Smart Guitar,CAT0582,309.90,209.13,33,true
PROD00812,SKU-591055,Premium Watch,CAT0745,581.78,244.25,468,true
PROD00813,SKU-951118,Vintage Monitor,CAT0506,141.51,85.02,460,true
PROD00814,SKU-705073,Modern Blender,CAT0872,565.37,388.38,285,true
PROD00815,SKU-263156,Vintage Router,CAT0339,759.67,378.29,341,true
PROD00816,SKU-916102,Modern Drill,CAT0533,820.71,526.78,459,true
PROD00817,SKU-633552,Ultra Headphones,CAT0445,582.66,290.42,153,true
PROD00818,SKU-370157,Modern Cookware Set,CAT0053,1142.76,560.07,54,true
PROD00819,SKU-360820,Deluxe Chair,CAT0865,941.25,625.20,237,true
PROD00820,SKU-878592,Vintage Mixer,CAT0715,652.94,332.28,204,true
PROD00821,SKU-795082,Portable Camera,CAT0084,294.78,173.01,33,true
PROD00822,SKU-534344,Vintage Laptop,CAT0447,490.08,259.57,242,true
PROD00823,SKU-615753,Portable Blender,CAT0122,373.07,203.68,475,true
PROD00824,SKU-355051,Essential Desk,CAT0416,518.98,244.20,312,true
PROD00825,SKU-186904,Portable Jacket,CAT0613,395.94,203.14,51,false
PROD00826,SKU-196799,Rustic Router,CAT0009,184.31,97.42,478,true
PROD00827,SKU-594097,Rustic Printer,CAT0664,186.51,77.48,90,false
PROD00828,SKU-474604,Wireless Blender,CAT0696,824.37,534.21,341,true
PROD00829,SKU-711176,Premium Jacket,CAT0915,375.17,161.32,42,true
PROD00830,SKU-509850,Essential Headphones,CAT0842,1107.45,705.29,421,true
PROD00831,SKU-175165,Advanced Watch,CAT0608,353.26,229.99,425,true
PROD00832,SKU-774720,Eco Backpack,CAT0474,729.37,348.63,397,true
PROD00833,SKU-512502,Advanced Vacuum,CAT0622,272.43,132.16,436,true
PROD00834,SKU-633595,Eco Printer,CAT0485,973.27,494.06,156,true
PROD00835,SKU-988272,Modern Cookware Set,CAT0429,969.32,456.10,158,true
PROD00836,SKU-183312,Compact Chair,CAT0473,182.72,81.60,30,true
PROD00837,SKU-857878,Advanced Sneakers,CAT0111,1197.88,524.47,37,true
PROD00838,SKU-556481,Portable Printer,CAT0328,697.23,429.21,209,true
PROD00839,SKU-417242,Limited Monitor,CAT0966,807.61,499.76,479,true
PROD00840,SKU-300790,Vintage Vacuum,CAT0672,45.43,20.31,176,false
PROD00841,SKU-790308,Premium Watch,CAT0399,227.94,125.20,494,true
PROD00842,SKU-841746,Modern Speaker,CAT0461,163.82,81.59,216,true
PROD00843,SKU-921251,Vintage Drill,CAT0889,841.33,338.41,84,true
PROD00844,SKU-144066,Smart Backpack,CAT0499,1051.25,526.01,452,true
PROD00845,SKU-855797,Deluxe Smartphone,CAT0508,1148.69,772.14,92,true
PROD00846,SKU-744745,Rustic Headphones,CAT0647,436.07,219.29,190,true
PROD00847,SKU-321314,Advanced Vacuum,CAT0791,990.07,544.86,75,true
PROD00848,SKU-654418,Limited Router,CAT0762,608.45,340.28,302,true
PROD00849,SKU-141340,Essential Desk,CAT0446,924.81,572.81,232,true
PROD00850,SKU-146675,Essential Guitar,CAT0298,648.86,406.66,145,true
PROD00851,SKU-969849,Smart Drill,CAT0643,1158.28,485.13,449,true
PROD00852,SKU-719596,Classic Smartphone,CAT0586,280.98,138.96,114,true
PROD00853,SKU-707716,Wireless Tablet,CAT0873,51.26,24.03,130,true
PROD00854,SKU-571072,Premium Coffee Maker,CAT0235,53.45,36.65,122,true
PROD00855,SKU-661258,Smart Laptop,CAT0982,95.95,61.50,416,true
PROD00856,SKU-904026,Smart Headphones,CAT0514,1042.91,646.42,327,true
PROD00857,SKU-323781,Rustic Smartphone,CAT0680,66.18,46.10,273,true
PROD00858,SKU-687993,Wireless Mixer,CAT0876,285.63,199.02,371,true
PROD00859,SKU-444745,Deluxe Tablet,CAT0206,21.98,11.62,331,true
PROD00860,SKU-370735,Classic Headphones,CAT0102,160.20,100.10,86,true
PROD00861,SKU-864581,Limited Watch,CAT0426,198.42,104.75,83,true
PROD00862,SKU-770063,Rustic Camera,CAT0317,1197.47,727.42,35,false
PROD00863,SKU-169187,Eco Mixer,CAT0874,1124.84,771.73,398,true
PROD00864,SKU-453925,Rustic Watch,CAT0989,218.87,137.77,62,true
PROD00865,SKU-744209,Ultra Guitar,CAT0477,615.38,335.00,142,true
PROD00866,SKU-671793,Portable Backpack,CAT0362,215.80,138.54,483,true
PROD00867,SKU-166514,Premium Smartphone,CAT0824,1163.46,732.92,83,true
PROD00868,SKU-894101,Eco Coffee Maker,CAT0835,828.99,379.89,323,true
PROD00869,SKU-637311,Portable Cookware Set,CAT0812,909.32,391.98,397,true
PROD00870,SKU-714837,Compact Jacket,CAT0195,747.18,407.23,382,true
PROD00871,SKU-618389,Modern Chair,CAT0855,790.15,532.45,285,true
PROD00872,SKU-138146,Smart Speaker,CAT0658,445.80,298.68,231,true
PROD00873,SKU-780228,Essential Blender,CAT0018,1185.26,806.19,173,true
PROD00874,SKU-240592,Ultra Headphones,CAT0993,381.63,205.72,431,false
PROD00875,SKU-618358,Deluxe Guitar,CAT0785,144.21,63.56,283,true
PROD00876,SKU-975798,Modern Speaker,CAT0123,751.81,308.05,326,true
PROD00877,SKU-211751,Wireless Guitar,CAT0842,513.64,211.46,28,true
PROD00878,SKU-260470,Limited Sneakers,CAT0713,313.65,161.18,143,true
PROD00879,SKU-423365,Smart Backpack,CAT0999,639.50,270.21,378,true
PROD00880,SKU-244100,Premium Headphones,CAT0292,396.67,243.37,476,true
PROD00881,SKU-905305,Essential Mixer,CAT0372,140.48,97.27,170,true
PROD00882,SKU-342765,Advanced Jacket,CAT0591,258.71,165.60,25,true
PROD00883,SKU-951000,Ultra Guitar,CAT0773,651.86,428.78,364,true
PROD00884,SKU-411999,Essential Printer,CAT0560,360.16,203.75,51,true
PROD00885,SKU-789855,Rustic Laptop,CAT0320,1103.01,580.24,170,true
PROD00886,SKU-104204,Premium Sneakers,CAT0071,117.71,80.44,54,true
PROD00887,SKU-377120,Premium Vacuum,CAT0829,436.55,245.60,81,true
PROD00888,SKU-696655,Deluxe Chair,CAT0084,404.21,184.13,358,true
PROD00889,SKU-277596,Limited Headphones,CAT0482,266.01,162.92,377,true
PROD00890,SKU-814511,Ultra Monitor,CAT0522,290.11,151.55,267,true
PROD00891,SKU-349468,Essential Router,CAT0795,1011.00,553.82,30,true
PROD00892,SKU-460991,Essential Monitor,CAT0398,235.00,131.21,69,true
PROD00893,SKU-746326,Essential Treadmill,CAT0933,696.11,334.70,438,true
PROD00894,SKU-220178,Modern Treadmill,CAT0262,779.76,428.32,207,true
PROD00895,SKU-771949,Modern Watch,CAT0708,158.19,72.03,297,true
PROD00896,SKU-362139,Limited Chair,CAT0136,854.73,401.09,381,false
PROD00897,SKU-218083,Advanced Monitor,CAT0405,163.89,76.28,294,false
PROD00898,SKU-212149,Compact Printer,CAT0114,996.81,402.84,174,true
PROD00899,SKU-486669,Eco Sneakers,CAT0742,779.32,340.54,166,true
PROD00900,SKU-311339,Smart Monitor,CAT0532,817.98,436.00,439,true
PROD00901,SKU-794475,Compact Cookware Set,CAT0362,229.66,137.74,124,true
PROD00902,SKU-266309,Wireless Treadmill,CAT0051,306.27,162.32,31,true
PROD00903,SKU-533485,Ultra Laptop,CAT0767,553.20,269.25,56,true
PROD00904,SKU-596221,Eco Camera,CAT0287,216.59,136.61,402,true
PROD00905,SKU-571170,Advanced Drill,CAT0466,420.67,249.57,102,true
PROD00906,SKU-331279,Wireless Vacuum,CAT0987,471.76,211.41,224,true
PROD00907,SKU-678548,Premium Chair,CAT0661,585.65,272.71,260,true
PROD00908,SKU-823420,Eco Mixer,CAT0275,866.88,482.51,50,true
PROD00909,SKU-166026,Limited Coffee Maker,CAT0819,375.71,195.79,290,true
PROD00910,SKU-894544,Advanced Chair,CAT0921,342.96,220.49,490,true
PROD00911,SKU-291834,Deluxe Smartphone,CAT0589,959.80,536.50,321,true
PROD00912,SKU-823137,Deluxe Headphones,CAT0153,1150.55,573.22,394,true
PROD00913,SKU-868206,Essential Speaker,CAT0002,579.82,264.52,156,true
PROD00914,SKU-759393,Smart Watch,CAT0713,966.49,556.56,205,true
PROD00915,SKU-754960,Essential Drill,CAT0578,431.48,221.77,100,true
PROD00916,SKU-352882,Portable Laptop,CAT0879,406.70,220.19,272,true
PROD00917,SKU-208205,Compact Treadmill,CAT0981,677.11,410.95,289,true
PROD00918,SKU-660967,Compact Treadmill,CAT0888,57.43,31.02,378,false
PROD00919,SKU-324954,Limited Guitar,CAT0452,863.53,402.59,111,true
PROD00920,SKU-394032,Premium Watch,CAT0012,1102.25,576.19,329,true
PROD00921,SKU-224548,Classic Desk,CAT0096,412.27,194.18,47,true
PROD00922,SKU-352927,Rustic Smartphone,CAT0550,896.97,611.27,22,true
PROD00923,SKU-106665,Wireless Guitar,CAT0172,790.47,481.21,474,true
PROD00924,SKU-193019,Ultra Desk,CAT0815,497.11,248.17,257,true
PROD00925,SKU-474236,Vintage Drill,CAT0285,5.11,3.11,385,true
PROD00926,SKU-699475,Modern Jacket,CAT0028,887.99,616.45,10,true
PROD00927,SKU-868019,Compact Jacket,CAT0843,192.56,119.63,91,true
PROD00928,SKU-571300,Compact Desk,CAT0136,357.52,149.58,115,true
PROD00929,SKU-757594,Premium Mixer,CAT0744,1095.13,505.13,387,true
PROD00930,SKU-266795,Wireless Monitor,CAT0443,188.95,79.17,242,true
PROD00931,SKU-540775,Eco Blender,CAT0036,641.97,388.60,55,false
PROD00932,SKU-340393,Eco Desk,CAT0075,188.72,81.63,358,true
PROD00933,SKU-656653,Wireless Printer,CAT0533,857.90,570.63,486,true
PROD00934,SKU-723136,Essential Drill,CAT0338,1064.23,475.94,272,true
PROD00935,SKU-566695,Compact Yoga Mat,CAT0436,210.70,137.17,142,true
PROD00936,SKU-121000,Essential Desk,CAT0949,881.43,556.66,100,true
PROD00937,SKU-220950,Smart Guitar,CAT0477,1113.06,737.31,407,true
PROD00938,SKU-998813,Vintage Laptop,CAT0236,885.72,496.06,57,true
PROD00939,SKU-155398,Smart Tablet,CAT0595,856.38,552.37,265,true
PROD00940,SKU-633112,Vintage Chair,CAT0819,156.08,104.95,439,true
PROD00941,SKU-650581,Vintage Backpack,CAT0248,649.11,275.92,275,false
PROD00942,SKU-548497,Wireless Speaker,CAT0563,167.74,76.07,251,true
PROD00943,SKU-193724,Compact Sneakers,CAT0823,949.08,578.59,265,true
PROD00944,SKU-873577,Classic Backpack,CAT0433,866.50,488.72,389,true
PROD00945,SKU-134714,Eco Monitor,CAT0283,1191.34,597.22,391,false
PROD00946,SKU-131821,Premium Monitor,CAT0708,33.93,21.81,42,true
PROD00947,SKU-821374,Rustic Router,CAT0828,766.26,325.14,97,true
PROD00948,SKU-489587,Rustic Mixer,CAT0450,941.46,528.83,29,true
PROD00949,SKU-428040,Modern Smartphone,CAT0027,864.47,602.12,194,true
PROD00950,SKU-267011,Rustic Coffee Maker,CAT0662,351.38,171.35,43,true
PROD00951,SKU-614996,Eco Smartphone,CAT0685,693.78,376.75,267,true
PROD00952,SKU-751852,Advanced Sneakers,CAT0180,990.11,481.88,403,false
PROD00953,SKU-146290,Smart Vacuum,CAT0042,611.04,330.08,306,false
PROD00954,SKU-458077,Limited Watch,CAT0908,298.51,150.33,45,true
PROD00955,SKU-228914,Deluxe Watch,CAT0543,184.20,94.55,120,true
PROD00956,SKU-793448,Rustic Watch,CAT0524,277.27,137.66,25,true
PROD00957,SKU-679383,Ultra Jacket,CAT0804,694.31,429.69,365,false
PROD00958,SKU-997607,Classic Laptop,CAT0417,253.46,132.57,314,true
PROD00959,SKU-916435,Essential Blender,CAT0806,1198.50,757.10,325,true
PROD00960,SKU-940951,Ultra Coffee Maker,CAT0190,155.29,64.94,24,true
PROD00961,SKU-682791,Ultra Cookware Set,CAT0259,1002.70,438.46,468,true
PROD00962,SKU-775049,Premium Watch,CAT0641,881.28,606.89,90,true
PROD00963,SKU-496453,Classic Vacuum,CAT0902,1117.43,619.84,367,true
PROD00964,SKU-805691,Deluxe Tablet,CAT0066,482.65,228.13,33,true
PROD00965,SKU-699177,Smart Smartphone,CAT0695,357.71,161.42,330,true
PROD00966,SKU-540191,Modern Camera,CAT0418,360.62,146.49,387,true
PROD00967,SKU-209149,Portable Router,CAT0743,1014.82,537.11,158,true
PROD00968,SKU-405791,Wireless Backpack,CAT0474,1048.77,678.15,484,true
PROD00969,SKU-404728,Smart Jacket,CAT0364,1135.64,581.56,443,true
PROD00970,SKU-456443,Eco Cookware Set,CAT0808,278.75,168.01,278,true
PROD00971,SKU-801145,Wireless Desk,CAT0983,1039.23,643.05,43,true
PROD00972,SKU-703675,Wireless Treadmill,CAT0812,339.35,165.32,491,true
PROD00973,SKU-353171,Deluxe Headphones,CAT0791,274.91,118.95,284,true
PROD00974,SKU-240775,Deluxe Jacket,CAT0851,1178.85,588.79,238,true
PROD00975,SKU-820190,Modern Laptop,CAT0690,827.47,340.31,327,false
PROD00976,SKU-902209,Ultra Camera,CAT0245,249.54,116.00,421,true
PROD00977,SKU-228115,Ultra Coffee Maker,CAT0264,706.61,469.93,202,true
PROD00978,SKU-728993,Rustic Sneakers,CAT0826,127.10,54.45,232,true
PROD00979,SKU-352807,Modern Mixer,CAT0558,62.75,43.47,303,false
PROD00980,SKU-438711,Limited Desk,CAT0505,264.05,137.70,115,false
PROD00981,SKU-886476,Smart Laptop,CAT0741,96.82,41.16,313,true
PROD00982,SKU-526977,Classic Speaker,CAT0399,118.89,81.82,398,true
PROD00983,SKU-318841,Ultra Coffee Maker,CAT0914,15.02,10.12,420,false
PROD00984,SKU-217455,Rustic Headphones,CAT0601,132.56,83.99,281,true
PROD00985,SKU-450069,Essential Coffee Maker,CAT0947,20.68,12.54,241,true
PROD00986,SKU-225515,Classic Watch,CAT0747,343.96,238.61,491,true
PROD00987,SKU-485776,Smart Headphones,CAT0904,747.16,346.76,312,true
PROD00988,SKU-229156,Eco Laptop,CAT0079,376.92,158.79,445,true
PROD00989,SKU-342587,Rustic Drill,CAT0294,135.08,65.87,203,true
PROD00990,SKU-304163,Portable Headphones,CAT0601,171.46,119.86,87,true
PROD00991,SKU-351807,Eco Desk,CAT0622,724.35,321.88,231,true
PROD00992,SKU-829197,Portable Treadmill,CAT0079,115.21,78.36,381,true
PROD00993,SKU-144935,Wireless Sneakers,CAT0533,645.65,440.46,424,true
PROD00994,SKU-556519,Premium Speaker,CAT0244,593.39,307.76,494,true
PROD00995,SKU-547234,Premium Coffee Maker,CAT0711,119.70,74.68,399,true
PROD00996,SKU-313051,Premium Desk,CAT0896,1188.36,660.82,184,true
PROD00997,SKU-505048,Vintage Smartphone,CAT0091,982.72,617.95,78,true
PROD00998,SKU-284033,Advanced Speaker,CAT0963,895.47,385.04,393,true
PROD00999,SKU-677022,Vintage Speaker,CAT0365,67.20,35.54,93,true
PROD01000,SKU-688640,Advanced Vacuum,CAT0642,1017.68,536.67,329,true
